Price,LIBOR,VIX
2019-01-03,2.3550000190734863,25.450000762939453
2019-01-04,2.3580000400543213,21.3799991607666
2019-01-07,2.3529999256134033,21.399999618530273
2019-01-08,2.4000000953674316,20.469999313354492
2019-01-09,2.390000104904175,19.979999542236328
2019-01-10,2.375,19.5
2019-01-11,2.369999885559082,18.190000534057617
2019-01-14,2.359999895095825,19.06999969482422
2019-01-15,2.382999897003174,18.600000381469727
2019-01-16,2.36299991607666,19.040000915527344
2019-01-17,2.3550000190734863,18.059999465942383
2019-01-18,2.3480000495910645,17.799999237060547
2019-01-22,2.3450000286102295,20.799999237060547
2019-01-23,2.3529999256134033,19.520000457763672
2019-01-24,2.305000066757202,18.889999389648438
2019-01-25,2.328000068664551,17.420000076293945
2019-01-28,2.3329999446868896,18.8700008392334
2019-01-29,2.365000009536743,19.1299991607666
2019-01-30,2.365000009536743,17.65999984741211
2019-01-31,2.3399999141693115,16.56999969482422
2019-02-01,2.3399999141693115,16.139999389648438
2019-02-04,2.3350000381469727,15.729999542236328
2019-02-05,2.365000009536743,15.569999694824219
2019-02-06,2.365000009536743,15.380000114440918
2019-02-07,2.3550000190734863,16.3700008392334
2019-02-08,2.365000009536743,15.720000267028809
2019-02-11,2.375,15.970000267028809
2019-02-12,2.378000020980835,15.430000305175781
2019-02-13,2.372999906539917,15.649999618530273
2019-02-14,2.372999906539917,16.219999313354492
2019-02-15,2.369999885559082,14.90999984741211
2019-02-19,2.372999906539917,14.880000114440918
2019-02-20,2.382999897003174,14.020000457763672
2019-02-21,2.3949999809265137,14.460000038146973
2019-02-22,2.3929998874664307,13.510000228881836
2019-02-25,2.3929998874664307,14.850000381469727
2019-02-26,2.4000000953674316,15.170000076293945
2019-02-27,2.3929998874664307,14.699999809265137
2019-02-28,2.382999897003174,14.779999732971191
2019-03-01,2.378000020980835,13.569999694824219
2019-03-04,2.375,14.630000114440918
2019-03-05,2.4000000953674316,14.739999771118164
2019-03-06,2.4049999713897705,15.739999771118164
2019-03-07,2.3949999809265137,16.59000015258789
2019-03-08,2.3929998874664307,16.049999237060547
2019-03-11,2.380000114440918,14.329999923706055
2019-03-12,2.3949999809265137,13.770000457763672
2019-03-13,2.388000011444092,13.40999984741211
2019-03-14,2.388000011444092,13.5
2019-03-15,2.388000011444092,12.880000114440918
2019-03-18,2.384999990463257,13.100000381469727
2019-03-19,2.4049999713897705,13.5600004196167
2019-03-20,2.4079999923706055,13.90999984741211
2019-03-21,2.4079999923706055,13.630000114440918
2019-03-22,2.3980000019073486,16.479999542236328
2019-03-25,2.390000104904175,16.329999923706055
2019-03-26,2.4049999713897705,14.680000305175781
2019-03-27,2.378000020980835,15.149999618530273
2019-03-28,2.369999885559082,14.430000305175781
2019-03-29,2.328000068664551,13.710000038146973
2019-04-01,2.322999954223633,13.399999618530273
2019-04-02,2.369999885559082,13.359999656677246
2019-04-03,2.372999906539917,13.739999771118164
2019-04-04,2.369999885559082,13.579999923706055
2019-04-05,2.369999885559082,12.819999694824219
2019-04-08,2.365000009536743,13.180000305175781
2019-04-09,2.365000009536743,14.279999732971191
2019-04-10,2.36299991607666,13.300000190734863
2019-04-11,2.365000009536743,13.020000457763672
2019-04-12,2.375,12.010000228881836
2019-04-15,2.359999895095825,12.319999694824219
2019-04-16,2.378000020980835,12.180000305175781
2019-04-17,2.380000114440918,12.600000381469727
2019-04-18,2.365000009536743,12.09000015258789
2019-04-22,2.375,12.420000076293945
2019-04-23,2.390000104904175,12.279999732971191
2019-04-24,2.375,13.140000343322754
2019-04-25,2.365000009536743,13.25
2019-04-26,2.359999895095825,12.729999542236328
2019-04-29,2.359999895095825,13.109999656677246
2019-04-30,2.368000030517578,13.119999885559082
2019-05-01,2.36299991607666,14.800000190734863
2019-05-02,2.372999906539917,14.420000076293945
2019-05-03,2.368000030517578,12.869999885559082
2019-05-06,2.36299991607666,15.4399995803833
2019-05-07,2.368000030517578,19.31999969482422
2019-05-08,2.369999885559082,19.399999618530273
2019-05-09,2.369999885559082,19.100000381469727
2019-05-10,2.369999885559082,16.040000915527344
2019-05-13,2.3499999046325684,20.549999237060547
2019-05-14,2.3529999256134033,18.059999465942383
2019-05-15,2.3499999046325684,16.440000534057617
2019-05-16,2.3380000591278076,15.289999961853027
2019-05-17,2.3299999237060547,15.960000038146973
2019-05-20,2.319999933242798,16.309999465942383
2019-05-21,2.3299999237060547,14.949999809265137
2019-05-22,2.319999933242798,14.75
2019-05-23,2.302999973297119,16.920000076293945
2019-05-24,2.2880001068115234,15.850000381469727
2019-05-28,2.2980000972747803,17.5
2019-05-29,2.2980000972747803,17.899999618530273
2019-05-30,2.309999942779541,17.299999237060547
2019-05-31,2.2929999828338623,18.709999084472656
2019-06-03,2.2799999713897705,18.860000610351562
2019-06-04,2.2950000762939453,16.969999313354492
2019-06-05,2.2850000858306885,16.09000015258789
2019-06-06,2.255000114440918,15.930000305175781
2019-06-07,2.2149999141693115,16.299999237060547
2019-06-10,2.2200000286102295,15.9399995803833
2019-06-11,2.2130000591278076,15.989999771118164
2019-06-12,2.1649999618530273,15.90999984741211
2019-06-13,2.140000104904175,15.819999694824219
2019-06-14,2.125,15.279999732971191
2019-06-17,2.138000011444092,15.350000381469727
2019-06-18,2.1679999828338623,15.149999618530273
2019-06-19,2.125,14.329999923706055
2019-06-20,2.078000068664551,14.75
2019-06-21,2.055000066757202,15.399999618530273
2019-06-24,2.058000087738037,15.260000228881836
2019-06-25,2.0829999446868896,16.280000686645508
2019-06-26,2.0929999351501465,16.209999084472656
2019-06-27,2.0850000381469727,15.819999694824219
2019-06-28,2.0350000858306885,15.079999923706055
2019-07-01,2.065000057220459,14.0600004196167
2019-07-02,2.1480000019073486,12.930000305175781
2019-07-03,2.1500000953674316,12.569999694824219
2019-07-05,2.1630001068115234,13.279999732971191
2019-07-08,2.177999973297119,13.960000038146973
2019-07-09,2.194999933242798,14.09000015258789
2019-07-10,2.130000114440918,13.029999732971191
2019-07-11,2.0980000495910645,12.930000305175781
2019-07-12,2.0899999141693115,12.390000343322754
2019-07-15,2.0850000381469727,12.680000305175781
2019-07-16,2.1029999256134033,12.859999656677246
2019-07-17,2.072999954223633,13.970000267028809
2019-07-18,2.013000011444092,13.529999732971191
2019-07-19,2.013000011444092,14.449999809265137
2019-07-22,2.0250000953674316,13.529999732971191
2019-07-23,2.0329999923706055,12.609999656677246
2019-07-24,2.0399999618530273,12.069999694824219
2019-07-25,2.059999942779541,12.739999771118164
2019-07-26,2.062999963760376,12.15999984741211
2019-07-29,2.049999952316284,12.829999923706055
2019-07-30,2.0399999618530273,13.9399995803833
2019-07-31,2.0299999713897705,16.1200008392334
2019-08-01,2.0299999713897705,17.8700008392334
2019-08-02,2.0,17.610000610351562
2019-08-05,1.9529999494552612,24.59000015258789
2019-08-06,1.9950000047683716,20.170000076293945
2019-08-07,1.968000054359436,19.489999771118164
2019-08-08,1.9700000286102295,16.90999984741211
2019-08-09,1.9500000476837158,17.969999313354492
2019-08-12,1.9279999732971191,21.09000015258789
2019-08-13,1.9550000429153442,17.520000457763672
2019-08-14,1.9079999923706055,22.100000381469727
2019-08-15,1.843000054359436,21.18000030517578
2019-08-16,1.8229999542236328,18.469999313354492
2019-08-19,1.8530000448226929,16.8799991607666
2019-08-20,1.899999976158142,17.5
2019-08-21,1.9279999732971191,15.800000190734863
2019-08-22,1.937999963760376,16.68000030517578
2019-08-23,1.909999966621399,19.8700008392334
2019-08-26,1.9329999685287476,19.31999969482422
2019-08-27,1.9429999589920044,20.309999465942383
2019-08-28,1.940000057220459,19.350000381469727
2019-08-29,1.940000057220459,17.8799991607666
2019-08-30,1.9329999685287476,18.979999542236328
2019-09-03,1.909999966621399,19.65999984741211
2019-09-04,1.9049999713897705,17.329999923706055
2019-09-05,1.9199999570846558,16.270000457763672
2019-09-06,1.909999966621399,15.0
2019-09-09,1.9079999923706055,15.270000457763672
2019-09-10,1.9129999876022339,15.199999809265137
2019-09-11,1.9129999876022339,14.609999656677246
2019-09-12,1.8949999809265137,14.220000267028809
2019-09-13,1.899999976158142,13.739999771118164
2019-09-16,1.9450000524520874,14.670000076293945
2019-09-17,1.937999963760376,14.4399995803833
2019-09-18,1.8799999952316284,13.949999809265137
2019-09-19,1.8830000162124634,14.050000190734863
2019-09-20,1.850000023841858,15.319999694824219
2019-09-23,1.8450000286102295,14.90999984741211
2019-09-24,1.8799999952316284,17.049999237060547
2019-09-25,1.8450000286102295,15.960000038146973
2019-09-26,1.7699999809265137,16.06999969482422
2019-09-27,1.7300000190734863,17.219999313354492
2019-09-30,1.7699999809265137,16.239999771118164
2019-10-01,1.753000020980835,18.559999465942383
2019-10-02,1.7350000143051147,20.559999465942383
2019-10-03,1.6649999618530273,19.1200008392334
2019-10-04,1.6549999713897705,17.040000915527344
2019-10-07,1.6729999780654907,17.860000610351562
2019-10-08,1.6549999713897705,20.280000686645508
2019-10-09,1.628000020980835,18.639999389648438
2019-10-10,1.6330000162124634,17.56999969482422
2019-10-11,1.6230000257492065,15.579999923706055
2019-10-14,1.6180000305175781,14.569999694824219
2019-10-15,1.6180000305175781,13.539999961853027
2019-10-16,1.6150000095367432,13.680000305175781
2019-10-17,1.625,13.789999961853027
2019-10-18,1.625,14.25
2019-10-21,1.625,14.0
2019-10-22,1.6150000095367432,14.460000038146973
2019-10-23,1.6150000095367432,14.010000228881836
2019-10-24,1.6230000257492065,13.710000038146973
2019-10-25,1.625,12.649999618530273
2019-10-28,1.6050000190734863,13.109999656677246
2019-10-29,1.5950000286102295,13.199999809265137
2019-10-30,1.5950000286102295,12.329999923706055
2019-10-31,1.4980000257492065,13.220000267028809
2019-11-01,1.4850000143051147,12.300000190734863
2019-11-04,1.503000020980835,12.829999923706055
2019-11-05,1.5180000066757202,13.100000381469727
2019-11-06,1.5149999856948853,12.619999885559082
2019-11-07,1.5180000066757202,12.729999542236328
2019-11-08,1.5099999904632568,12.069999694824219
2019-11-11,1.5130000114440918,12.6899995803833
2019-11-12,1.5329999923706055,12.680000305175781
2019-11-13,1.534999966621399,13.0
2019-11-14,1.527999997138977,13.050000190734863
2019-11-15,1.527999997138977,12.050000190734863
2019-11-18,1.5230000019073486,12.460000038146973
2019-11-19,1.524999976158142,12.859999656677246
2019-11-20,1.5199999809265137,12.779999732971191
2019-11-21,1.5299999713897705,13.130000114440918
2019-11-22,1.5429999828338623,12.34000015258789
2019-11-25,1.5449999570846558,11.869999885559082
2019-11-26,1.565000057220459,11.539999961853027
2019-11-27,1.565000057220459,11.75
2019-11-29,1.5399999618530273,12.619999885559082
2019-12-02,1.5379999876022339,14.90999984741211
2019-12-03,1.5379999876022339,15.960000038146973
2019-12-04,1.4980000257492065,14.800000190734863
2019-12-05,1.4930000305175781,14.520000457763672
2019-12-06,1.4800000190734863,13.619999885559082
2019-12-09,1.4980000257492065,15.859999656677246
2019-12-10,1.5149999856948853,15.680000305175781
2019-12-11,1.5199999809265137,14.989999771118164
2019-12-12,1.5299999713897705,13.9399995803833
2019-12-13,1.5230000019073486,12.630000114440918
2019-12-16,1.524999976158142,12.140000343322754
2019-12-17,1.5299999713897705,12.289999961853027
2019-12-18,1.5180000066757202,12.579999923706055
2019-12-19,1.5329999923706055,12.5
2019-12-20,1.527999997138977,12.510000228881836
2019-12-23,1.5199999809265137,12.609999656677246
2019-12-24,1.5379999876022339,12.670000076293945
2019-12-26,1.534999966621399,12.649999618530273
2019-12-27,1.5180000066757202,13.430000305175781
2019-12-30,1.4900000095367432,14.819999694824219
2019-12-31,1.5049999952316284,13.779999732971191
2020-01-02,1.4950000047683716,12.470000267028809
2020-01-03,1.4730000495910645,14.020000457763672
2020-01-06,1.4880000352859497,13.850000381469727
2020-01-07,1.5,13.789999961853027
2020-01-08,1.4930000305175781,13.449999809265137
2020-01-09,1.5,12.539999961853027
2020-01-10,1.4980000257492065,12.5600004196167
2020-01-13,1.5099999904632568,12.319999694824219
2020-01-14,1.5299999713897705,12.390000343322754
2020-01-15,1.5080000162124634,12.420000076293945
2020-01-16,1.5180000066757202,12.319999694824219
2020-01-17,1.5230000019073486,12.100000381469727
2020-01-21,1.503000020980835,12.850000381469727
2020-01-22,1.5130000114440918,12.90999984741211
2020-01-23,1.5149999856948853,12.979999542236328
2020-01-24,1.4900000095367432,14.5600004196167
2020-01-27,1.5049999952316284,18.229999542236328
2020-01-28,1.5299999713897705,16.280000686645508
2020-01-29,1.5199999809265137,16.389999389648438
2020-01-30,1.527999997138977,15.489999771118164
2020-01-31,1.5099999904632568,18.84000015258789
2020-02-03,1.5180000066757202,17.969999313354492
2020-02-04,1.5379999876022339,16.049999237060547
2020-02-05,1.5199999809265137,15.149999618530273
2020-02-06,1.5299999713897705,14.960000038146973
2020-02-07,1.5180000066757202,15.470000267028809
2020-02-10,1.5199999809265137,15.039999961853027
2020-02-11,1.5379999876022339,15.180000305175781
2020-02-12,1.534999966621399,13.739999771118164
2020-02-13,1.5449999570846558,14.149999618530273
2020-02-14,1.534999966621399,13.680000305175781
2020-02-18,1.534999966621399,14.829999923706055
2020-02-19,1.5429999828338623,14.380000114440918
2020-02-20,1.5379999876022339,15.5600004196167
2020-02-21,1.5180000066757202,17.079999923706055
2020-02-24,1.503000020980835,25.030000686645508
2020-02-25,1.4900000095367432,27.850000381469727
2020-02-26,1.4780000448226929,27.559999465942383
2020-02-27,1.3949999809265137,39.15999984741211
2020-02-28,1.2300000190734863,40.11000061035156
2020-03-02,1.1349999904632568,33.41999816894531
2020-03-03,0.9179999828338623,36.81999969482422
2020-03-04,0.675000011920929,31.989999771118164
2020-03-05,0.5950000286102295,39.619998931884766
2020-03-06,0.41499999165534973,41.939998626708984
2020-03-09,0.33000001311302185,54.459999084472656
2020-03-10,0.38999998569488525,47.29999923706055
2020-03-11,0.36800000071525574,53.900001525878906
2020-03-12,0.27300000190734863,75.47000122070312
2020-03-13,0.24300000071525574,57.83000183105469
2020-03-16,0.1850000023841858,82.69000244140625
2020-03-17,0.16500000655651093,75.91000366210938
2020-03-18,0.003000000026077032,76.44999694824219
2020-03-19,-0.02800000086426735,72.0
2020-03-20,-0.032999999821186066,66.04000091552734
2020-03-23,-0.03999999910593033,61.59000015258789
2020-03-24,-0.032999999821186066,61.66999816894531
2020-03-25,-0.07000000029802322,63.95000076293945
2020-03-26,-0.10499999672174454,61.0
2020-03-27,-0.057999998331069946,65.54000091552734
2020-03-30,0.013000000268220901,57.08000183105469
2020-03-31,0.029999999329447746,53.540000915527344
2020-04-01,0.06300000101327896,57.060001373291016
2020-04-02,0.06499999761581421,50.90999984741211
2020-04-03,0.057999998331069946,46.79999923706055
2020-04-06,0.05999999865889549,45.2400016784668
2020-04-07,0.12800000607967377,46.70000076293945
2020-04-08,0.1850000023841858,43.349998474121094
2020-04-09,0.20999999344348907,41.66999816894531
2020-04-13,0.20000000298023224,41.16999816894531
2020-04-14,0.16500000655651093,37.7599983215332
2020-04-15,0.11500000208616257,40.84000015258789
2020-04-16,0.10999999940395355,40.11000061035156
2020-04-17,0.10300000011920929,38.150001525878906
2020-04-20,0.07000000029802322,43.83000183105469
2020-04-21,0.09799999743700027,45.40999984741211
2020-04-22,0.09300000220537186,41.97999954223633
2020-04-23,0.09300000220537186,41.380001068115234
2020-04-24,0.10000000149011612,35.93000030517578
2020-04-27,0.09300000220537186,33.290000915527344
2020-04-28,0.08500000089406967,33.56999969482422
2020-04-29,0.09000000357627869,31.229999542236328
2020-04-30,0.09000000357627869,34.150001525878906
2020-05-01,0.09300000220537186,37.189998626708984
2020-05-04,0.09000000357627869,35.970001220703125
2020-05-05,0.10999999940395355,33.61000061035156
2020-05-06,0.1080000028014183,34.119998931884766
2020-05-07,0.0949999988079071,31.440000534057617
2020-05-08,0.0949999988079071,27.979999542236328
2020-05-11,0.10499999672174454,27.56999969482422
2020-05-12,0.12300000339746475,33.040000915527344
2020-05-13,0.11500000208616257,35.279998779296875
2020-05-14,0.10499999672174454,32.61000061035156
2020-05-15,0.10300000011920929,31.889999389648438
2020-05-18,0.10499999672174454,29.299999237060547
2020-05-19,0.11800000071525574,30.530000686645508
2020-05-20,0.11800000071525574,27.989999771118164
2020-05-21,0.10999999940395355,29.530000686645508
2020-05-22,0.10999999940395355,28.15999984741211
2020-05-26,0.11800000071525574,28.010000228881836
2020-05-27,0.13500000536441803,27.6200008392334
2020-05-28,0.1379999965429306,28.59000015258789
2020-05-29,0.12800000607967377,27.510000228881836
2020-06-01,0.12800000607967377,28.229999542236328
2020-06-02,0.14499999582767487,26.84000015258789
2020-06-03,0.14800000190734863,25.65999984741211
2020-06-04,0.14000000059604645,25.809999465942383
2020-06-05,0.14499999582767487,24.520000457763672
2020-06-08,0.15299999713897705,25.809999465942383
2020-06-09,0.16500000655651093,27.56999969482422
2020-06-10,0.16500000655651093,27.56999969482422
2020-06-11,0.15299999713897705,40.790000915527344
2020-06-12,0.15000000596046448,36.09000015258789
2020-06-15,0.1550000011920929,34.400001525878906
2020-06-16,0.1599999964237213,33.66999816894531
2020-06-17,0.16500000655651093,33.470001220703125
2020-06-18,0.14000000059604645,32.939998626708984
2020-06-19,0.14300000667572021,35.119998931884766
2020-06-22,0.14000000059604645,31.770000457763672
2020-06-23,0.14000000059604645,31.3700008392334
2020-06-24,0.13500000536441803,33.84000015258789
2020-06-25,0.12999999523162842,32.220001220703125
2020-06-26,0.13300000131130219,34.72999954223633
2020-06-29,0.125,31.780000686645508
2020-06-30,0.13500000536441803,30.43000030517578
2020-07-01,0.12999999523162842,28.6200008392334
2020-07-02,0.13300000131130219,27.68000030517578
2020-07-06,0.12800000607967377,27.940000534057617
2020-07-07,0.14000000059604645,29.43000030517578
2020-07-08,0.13500000536441803,28.079999923706055
2020-07-09,0.12300000339746475,29.260000228881836
2020-07-10,0.11999999731779099,27.290000915527344
2020-07-13,0.125,32.189998626708984
2020-07-14,0.13300000131130219,29.520000457763672
2020-07-15,0.125,27.760000228881836
2020-07-16,0.10300000011920929,28.0
2020-07-17,0.10499999672174454,25.68000030517578
2020-07-20,0.10499999672174454,24.459999084472656
2020-07-21,0.10999999940395355,24.84000015258789
2020-07-22,0.10000000149011612,24.31999969482422
2020-07-23,0.10300000011920929,26.079999923706055
2020-07-24,0.09799999743700027,25.84000015258789
2020-07-27,0.09300000220537186,24.739999771118164
2020-07-28,0.10300000011920929,25.440000534057617
2020-07-29,0.09000000357627869,24.100000381469727
2020-07-30,0.08500000089406967,24.760000228881836
2020-07-31,0.08299999684095383,24.459999084472656
2020-08-03,0.07800000160932541,24.280000686645508
2020-08-04,0.09000000357627869,23.760000228881836
2020-08-05,0.0949999988079071,22.989999771118164
2020-08-06,0.08799999952316284,22.649999618530273
2020-08-07,0.08799999952316284,22.209999084472656
2020-08-10,0.08799999952316284,22.1299991607666
2020-08-11,0.10000000149011612,24.030000686645508
2020-08-12,0.10000000149011612,22.280000686645508
2020-08-13,0.09000000357627869,22.1299991607666
2020-08-14,0.08799999952316284,22.049999237060547
2020-08-17,0.08500000089406967,21.350000381469727
2020-08-18,0.10000000149011612,21.510000228881836
2020-08-19,0.0949999988079071,22.540000915527344
2020-08-20,0.08799999952316284,22.719999313354492
2020-08-21,0.08799999952316284,22.540000915527344
2020-08-24,0.08500000089406967,22.3700008392334
2020-08-25,0.0949999988079071,22.030000686645508
2020-08-26,0.09300000220537186,23.270000457763672
2020-08-27,0.0949999988079071,24.469999313354492
2020-08-28,0.0949999988079071,22.959999084472656
2020-08-31,0.0949999988079071,26.40999984741211
2020-09-01,0.10000000149011612,26.1200008392334
2020-09-02,0.10000000149011612,26.56999969482422
2020-09-03,0.10000000149011612,33.599998474121094
2020-09-04,0.10300000011920929,30.75
2020-09-08,0.1080000028014183,31.459999084472656
2020-09-09,0.10499999672174454,28.809999465942383
2020-09-10,0.10300000011920929,29.709999084472656
2020-09-11,0.10300000011920929,26.8700008392334
2020-09-14,0.10000000149011612,25.850000381469727
2020-09-15,0.10000000149011612,25.59000015258789
2020-09-16,0.10000000149011612,26.040000915527344
2020-09-17,0.08500000089406967,26.459999084472656
2020-09-18,0.08299999684095383,25.829999923706055
2020-09-21,0.07999999821186066,27.780000686645508
2020-09-22,0.08799999952316284,26.860000610351562
2020-09-23,0.08799999952316284,28.579999923706055
2020-09-24,0.09300000220537186,28.510000228881836
2020-09-25,0.09000000357627869,26.3799991607666
2020-09-28,0.08799999952316284,26.190000534057617
2020-09-29,0.08500000089406967,26.270000457763672
2020-09-30,0.08500000089406967,26.3700008392334
2020-10-01,0.08299999684095383,26.700000762939453
2020-10-02,0.08500000089406967,27.6299991607666
2020-10-05,0.08500000089406967,27.959999084472656
2020-10-06,0.08799999952316284,29.479999542236328
2020-10-07,0.08799999952316284,28.059999465942383
2020-10-08,0.08799999952316284,26.360000610351562
2020-10-09,0.09300000220537186,25.0
2020-10-12,0.09000000357627869,25.06999969482422
2020-10-13,0.09300000220537186,26.06999969482422
2020-10-14,0.10000000149011612,26.399999618530273
2020-10-15,0.0949999988079071,26.969999313354492
2020-10-16,0.09000000357627869,27.40999984741211
2020-10-19,0.09000000357627869,29.18000030517578
2020-10-20,0.0949999988079071,29.350000381469727
2020-10-21,0.09000000357627869,28.649999618530273
2020-10-22,0.08500000089406967,28.110000610351562
2020-10-23,0.08299999684095383,27.549999237060547
2020-10-26,0.07999999821186066,32.459999084472656
2020-10-27,0.09000000357627869,33.349998474121094
2020-10-28,0.09000000357627869,40.279998779296875
2020-10-29,0.08299999684095383,37.59000015258789
2020-10-30,0.08299999684095383,38.02000045776367
2020-11-02,0.08299999684095383,37.130001068115234
2020-11-03,0.09000000357627869,35.54999923706055
2020-11-04,0.08299999684095383,29.56999969482422
2020-11-05,0.08500000089406967,27.579999923706055
2020-11-06,0.08299999684095383,24.860000610351562
2020-11-09,0.08799999952316284,25.75
2020-11-10,0.09000000357627869,24.799999237060547
2020-11-11,0.09000000357627869,23.450000762939453
2020-11-12,0.08500000089406967,25.350000381469727
2020-11-13,0.08299999684095383,23.100000381469727
2020-11-16,0.07500000298023224,22.450000762939453
2020-11-17,0.07999999821186066,22.709999084472656
2020-11-18,0.07500000298023224,23.84000015258789
2020-11-19,0.05999999865889549,23.110000610351562
2020-11-20,0.057999998331069946,23.700000762939453
2020-11-23,0.07000000029802322,22.65999984741211
2020-11-24,0.07999999821186066,21.639999389648438
2020-11-25,0.07999999821186066,21.25
2020-11-27,0.0729999989271164,20.84000015258789
2020-11-30,0.07500000298023224,20.56999969482422
2020-12-01,0.07999999821186066,20.770000457763672
2020-12-02,0.07500000298023224,21.170000076293945
2020-12-03,0.07500000298023224,21.280000686645508
2020-12-04,0.07500000298023224,20.790000915527344
2020-12-07,0.07000000029802322,21.299999237060547
2020-12-08,0.06800000369548798,20.68000030517578
2020-12-09,0.07000000029802322,22.270000457763672
2020-12-10,0.07000000029802322,22.520000457763672
2020-12-11,0.06499999761581421,23.309999465942383
2020-12-14,0.05999999865889549,24.719999313354492
2020-12-15,0.07000000029802322,22.889999389648438
2020-12-16,0.07500000298023224,22.5
2020-12-17,0.07999999821186066,21.93000030517578
2020-12-18,0.07999999821186066,21.56999969482422
2020-12-21,0.07800000160932541,25.15999984741211
2020-12-22,0.07800000160932541,24.229999542236328
2020-12-23,0.07500000298023224,23.309999465942383
2020-12-24,0.07500000298023224,21.530000686645508
2020-12-28,0.07999999821186066,21.700000762939453
2020-12-29,0.09000000357627869,23.079999923706055
2020-12-30,0.07000000029802322,22.770000457763672
2020-12-31,0.06499999761581421,22.75
2021-01-04,0.06800000369548798,26.969999313354492
2021-01-05,0.07800000160932541,25.34000015258789
2021-01-06,0.07800000160932541,25.06999969482422
2021-01-07,0.07999999821186066,22.3700008392334
2021-01-08,0.07999999821186066,21.559999465942383
2021-01-11,0.07999999821186066,24.079999923706055
2021-01-12,0.07999999821186066,23.329999923706055
2021-01-13,0.07999999821186066,22.209999084472656
2021-01-14,0.07500000298023224,23.25
2021-01-15,0.07500000298023224,24.34000015258789
2021-01-19,0.0729999989271164,23.239999771118164
2021-01-20,0.07500000298023224,21.579999923706055
2021-01-21,0.0729999989271164,21.31999969482422
2021-01-22,0.07000000029802322,21.90999984741211
2021-01-25,0.07000000029802322,23.190000534057617
2021-01-26,0.06800000369548798,23.020000457763672
2021-01-27,0.05999999865889549,37.209999084472656
2021-01-28,0.054999999701976776,30.209999084472656
2021-01-29,0.04800000041723251,33.09000015258789
2021-02-01,0.04800000041723251,30.239999771118164
2021-02-02,0.05000000074505806,25.559999465942383
2021-02-03,0.03999999910593033,22.90999984741211
2021-02-04,0.029999999329447746,21.770000457763672
2021-02-05,0.023000000044703484,20.8700008392334
2021-02-08,0.019999999552965164,21.239999771118164
2021-02-09,0.032999999821186066,21.6299991607666
2021-02-10,0.03500000014901161,21.989999771118164
2021-02-11,0.03500000014901161,21.25
2021-02-12,0.03500000014901161,19.969999313354492
2021-02-16,0.03500000014901161,21.459999084472656
2021-02-17,0.03500000014901161,21.5
2021-02-18,0.023000000044703484,22.489999771118164
2021-02-19,0.023000000044703484,22.049999237060547
2021-02-22,0.02500000037252903,23.450000762939453
2021-02-23,0.023000000044703484,23.110000610351562
2021-02-24,0.02800000086426735,21.34000015258789
2021-02-25,0.032999999821186066,28.889999389648438
2021-02-26,0.03500000014901161,27.950000762939453
2021-03-01,0.02800000086426735,23.350000381469727
2021-03-02,0.03500000014901161,24.100000381469727
2021-03-03,0.03500000014901161,26.670000076293945
2021-03-04,0.02800000086426735,28.56999969482422
2021-03-05,0.02800000086426735,24.65999984741211
2021-03-08,0.03500000014901161,25.469999313354492
2021-03-09,0.03500000014901161,24.030000686645508
2021-03-10,0.029999999329447746,22.559999465942383
2021-03-11,0.02800000086426735,21.90999984741211
2021-03-12,0.02500000037252903,20.690000534057617
2021-03-15,0.014999999664723873,20.030000686645508
2021-03-16,0.00800000037997961,19.790000915527344
2021-03-17,0.00800000037997961,19.229999542236328
2021-03-18,0.003000000026077032,21.579999923706055
2021-03-19,0.004999999888241291,20.950000762939453
2021-03-22,0.004999999888241291,18.8799991607666
2021-03-23,0.009999999776482582,20.299999237060547
2021-03-24,0.014999999664723873,21.200000762939453
2021-03-25,0.014999999664723873,19.809999465942383
2021-03-26,0.014999999664723873,18.860000610351562
2021-03-29,0.00800000037997961,20.739999771118164
2021-03-30,0.013000000268220901,19.610000610351562
2021-03-31,0.013000000268220901,19.399999618530273
2021-04-01,0.00800000037997961,17.329999923706055
2021-04-05,0.014999999664723873,17.90999984741211
2021-04-06,0.014999999664723873,18.1200008392334
2021-04-07,0.009999999776482582,17.15999984741211
2021-04-08,0.004999999888241291,16.950000762939453
2021-04-09,0.003000000026077032,16.690000534057617
2021-04-12,0.009999999776482582,16.90999984741211
2021-04-13,0.014999999664723873,16.649999618530273
2021-04-14,0.014999999664723873,16.989999771118164
2021-04-15,0.009999999776482582,16.56999969482422
2021-04-16,0.00800000037997961,16.25
2021-04-19,0.014999999664723873,17.290000915527344
2021-04-20,0.014999999664723873,18.68000030517578
2021-04-21,0.013000000268220901,17.5
2021-04-22,0.014999999664723873,18.709999084472656
2021-04-23,0.014999999664723873,17.329999923706055
2021-04-26,0.00800000037997961,17.639999389648438
2021-04-27,0.009999999776482582,17.559999465942383
2021-04-28,0.00800000037997961,17.280000686645508
2021-04-29,0.00800000037997961,17.610000610351562
2021-04-30,0.003000000026077032,18.610000610351562
2021-05-03,0.004999999888241291,18.309999465942383
2021-05-04,0.009999999776482582,19.479999542236328
2021-05-05,0.00800000037997961,19.149999618530273
2021-05-06,0.00800000037997961,18.389999389648438
2021-05-07,0.00800000037997961,16.690000534057617
2021-05-10,0.004999999888241291,19.65999984741211
2021-05-11,0.009999999776482582,21.84000015258789
2021-05-12,0.009999999776482582,27.59000015258789
2021-05-13,0.00800000037997961,23.1299991607666
2021-05-14,0.004999999888241291,18.809999465942383
2021-05-17,0.004999999888241291,19.719999313354492
2021-05-18,0.009999999776482582,21.34000015258789
2021-05-19,0.004999999888241291,22.18000030517578
2021-05-20,0.003000000026077032,20.670000076293945
2021-05-21,0.003000000026077032,20.149999618530273
2021-05-24,0.003000000026077032,18.399999618530273
2021-05-25,0.009999999776482582,18.84000015258789
2021-05-26,0.004999999888241291,17.360000610351562
2021-05-27,0.004999999888241291,16.739999771118164
2021-05-28,0.00800000037997961,16.760000228881836
2021-06-01,0.009999999776482582,17.899999618530273
2021-06-02,0.014999999664723873,17.479999542236328
2021-06-03,0.014999999664723873,18.040000915527344
2021-06-04,0.014999999664723873,16.420000076293945
2021-06-07,0.017999999225139618,16.420000076293945
2021-06-08,0.019999999552965164,17.06999969482422
2021-06-09,0.019999999552965164,17.889999389648438
2021-06-10,0.019999999552965164,16.100000381469727
2021-06-11,0.017999999225139618,15.649999618530273
2021-06-14,0.014999999664723873,16.389999389648438
2021-06-15,0.019999999552965164,17.020000457763672
2021-06-16,0.02800000086426735,18.149999618530273
2021-06-17,0.02800000086426735,17.75
2021-06-18,0.02800000086426735,20.700000762939453
2021-06-21,0.029999999329447746,17.889999389648438
2021-06-22,0.03799999877810478,16.65999984741211
2021-06-23,0.03999999910593033,16.31999969482422
2021-06-24,0.0430000014603138,15.970000267028809
2021-06-25,0.0430000014603138,15.619999885559082
2021-06-28,0.03999999910593033,15.760000228881836
2021-06-29,0.03999999910593033,16.020000457763672
2021-06-30,0.03999999910593033,15.829999923706055
2021-07-01,0.03999999910593033,15.479999542236328
2021-07-02,0.03799999877810478,15.069999694824219
2021-07-06,0.03999999910593033,16.440000534057617
2021-07-07,0.0430000014603138,16.200000762939453
2021-07-08,0.0430000014603138,19.0
2021-07-09,0.0430000014603138,16.18000030517578
2021-07-12,0.0430000014603138,16.170000076293945
2021-07-13,0.04500000178813934,17.1200008392334
2021-07-14,0.04500000178813934,16.329999923706055
2021-07-15,0.03799999877810478,17.010000228881836
2021-07-16,0.03799999877810478,18.450000762939453
2021-07-19,0.03999999910593033,22.5
2021-07-20,0.04500000178813934,19.729999542236328
2021-07-21,0.04500000178813934,17.90999984741211
2021-07-22,0.0430000014603138,17.690000534057617
2021-07-23,0.04500000178813934,17.200000762939453
2021-07-26,0.03999999910593033,17.579999923706055
2021-07-27,0.04500000178813934,19.360000610351562
2021-07-28,0.04500000178813934,18.309999465942383
2021-07-29,0.03999999910593033,17.700000762939453
2021-07-30,0.03999999910593033,18.239999771118164
2021-08-02,0.03799999877810478,19.459999084472656
2021-08-03,0.04500000178813934,18.040000915527344
2021-08-04,0.04500000178813934,17.969999313354492
2021-08-05,0.0430000014603138,17.280000686645508
2021-08-06,0.0430000014603138,16.149999618530273
2021-08-09,0.04500000178813934,16.719999313354492
2021-08-10,0.05000000074505806,16.790000915527344
2021-08-11,0.04500000178813934,16.170000076293945
2021-08-12,0.0430000014603138,15.59000015258789
2021-08-13,0.04500000178813934,15.449999809265137
2021-08-16,0.057999998331069946,16.1200008392334
2021-08-17,0.06300000101327896,17.90999984741211
2021-08-18,0.054999999701976776,21.56999969482422
2021-08-19,0.0430000014603138,21.670000076293945
2021-08-20,0.0430000014603138,18.559999465942383
2021-08-23,0.03999999910593033,17.149999618530273
2021-08-24,0.04800000041723251,17.219999313354492
2021-08-25,0.04500000178813934,16.790000915527344
2021-08-26,0.0430000014603138,18.84000015258789
2021-08-27,0.0430000014603138,16.389999389648438
2021-08-30,0.03799999877810478,16.190000534057617
2021-08-31,0.03999999910593033,16.479999542236328
2021-09-01,0.03999999910593033,16.110000610351562
2021-09-02,0.03999999910593033,16.40999984741211
2021-09-03,0.03999999910593033,16.40999984741211
2021-09-07,0.03500000014901161,18.139999389648438
2021-09-08,0.03999999910593033,17.959999084472656
2021-09-09,0.03799999877810478,18.799999237060547
2021-09-10,0.03799999877810478,20.950000762939453
2021-09-13,0.03799999877810478,19.3700008392334
2021-09-14,0.03500000014901161,19.459999084472656
2021-09-15,0.03500000014901161,18.18000030517578
2021-09-16,0.029999999329447746,18.690000534057617
2021-09-17,0.02800000086426735,20.809999465942383
2021-09-20,0.02500000037252903,25.709999084472656
2021-09-21,0.019999999552965164,24.360000610351562
2021-09-22,0.02500000037252903,20.8700008392334
2021-09-23,0.02500000037252903,18.6299991607666
2021-09-24,0.02500000037252903,17.75
2021-09-27,0.02500000037252903,18.760000228881836
2021-09-28,0.029999999329447746,23.25
2021-09-29,0.029999999329447746,22.559999465942383
2021-09-30,0.02800000086426735,23.139999389648438
2021-10-01,0.02800000086426735,21.100000381469727
2021-10-04,0.02800000086426735,22.959999084472656
2021-10-05,0.03500000014901161,21.299999237060547
2021-10-06,0.03999999910593033,21.0
2021-10-07,0.03999999910593033,19.540000915527344
2021-10-08,0.03999999910593033,18.770000457763672
2021-10-11,0.03999999910593033,20.0
2021-10-12,0.03999999910593033,19.850000381469727
2021-10-13,0.04500000178813934,18.639999389648438
2021-10-14,0.03999999910593033,16.860000610351562
2021-10-15,0.03799999877810478,16.299999237060547
2021-10-18,0.0430000014603138,16.309999465942383
2021-10-19,0.05000000074505806,15.699999809265137
2021-10-20,0.05000000074505806,15.489999771118164
2021-10-21,0.05000000074505806,15.010000228881836
2021-10-22,0.05000000074505806,15.430000305175781
2021-10-25,0.05000000074505806,15.239999771118164
2021-10-26,0.05000000074505806,15.979999542236328
2021-10-27,0.05000000074505806,16.979999542236328
2021-10-28,0.04800000041723251,16.530000686645508
2021-10-29,0.04800000041723251,16.260000228881836
2021-11-01,0.03999999910593033,16.40999984741211
2021-11-02,0.04500000178813934,16.030000686645508
2021-11-03,0.04500000178813934,15.100000381469727
2021-11-04,0.03500000014901161,15.4399995803833
2021-11-05,0.03999999910593033,16.479999542236328
2021-11-08,0.03500000014901161,17.219999313354492
2021-11-09,0.03999999910593033,17.780000686645508
2021-11-10,0.04500000178813934,18.729999542236328
2021-11-11,0.03999999910593033,17.65999984741211
2021-11-12,0.0430000014603138,16.290000915527344
2021-11-15,0.03799999877810478,16.489999771118164
2021-11-16,0.03999999910593033,16.3700008392334
2021-11-17,0.04500000178813934,17.110000610351562
2021-11-18,0.04500000178813934,17.59000015258789
2021-11-19,0.04500000178813934,17.90999984741211
2021-11-22,0.03999999910593033,19.170000076293945
2021-11-23,0.04500000178813934,19.3799991607666
2021-11-24,0.05000000074505806,18.579999923706055
2021-11-26,0.0430000014603138,28.6200008392334
2021-11-29,0.03799999877810478,22.959999084472656
2021-11-30,0.04800000041723251,27.190000534057617
2021-12-01,0.05000000074505806,31.1200008392334
2021-12-02,0.0430000014603138,27.950000762939453
2021-12-03,0.0430000014603138,30.670000076293945
2021-12-06,0.0430000014603138,27.18000030517578
2021-12-07,0.057999998331069946,21.889999389648438
2021-12-08,0.05999999865889549,19.899999618530273
2021-12-09,0.05299999937415123,21.579999923706055
2021-12-10,0.05000000074505806,18.690000534057617
2021-12-13,0.0430000014603138,20.309999465942383
2021-12-14,0.04800000041723251,21.889999389648438
2021-12-15,0.04500000178813934,19.290000915527344
2021-12-16,0.03500000014901161,20.56999969482422
2021-12-17,0.029999999329447746,21.56999969482422
2021-12-20,0.03799999877810478,22.8700008392334
2021-12-21,0.06499999761581421,21.010000228881836
2021-12-22,0.06499999761581421,18.6299991607666
2021-12-23,0.057999998331069946,17.959999084472656
2021-12-27,0.0430000014603138,17.68000030517578
2021-12-28,0.05000000074505806,17.540000915527344
2021-12-29,0.04500000178813934,16.950000762939453
2021-12-30,0.02500000037252903,17.329999923706055
2021-12-31,0.032999999821186066,17.219999313354492
2022-01-03,0.05299999937415123,16.600000381469727
2022-01-04,0.07999999821186066,16.90999984741211
2022-01-05,0.08500000089406967,19.729999542236328
2022-01-06,0.09000000357627869,19.610000610351562
2022-01-07,0.08799999952316284,18.760000228881836
2022-01-10,0.09000000357627869,19.399999618530273
2022-01-11,0.11800000071525574,18.40999984741211
2022-01-12,0.11500000208616257,17.6200008392334
2022-01-13,0.10999999940395355,20.309999465942383
2022-01-14,0.11800000071525574,19.190000534057617
2022-01-18,0.12999999523162842,22.790000915527344
2022-01-19,0.16500000655651093,23.850000381469727
2022-01-20,0.1679999977350235,25.59000015258789
2022-01-21,0.15800000727176666,28.850000381469727
2022-01-24,0.1550000011920929,29.899999618530273
2022-01-25,0.1850000023841858,31.15999984741211
2022-01-26,0.17800000309944153,31.959999084472656
2022-01-27,0.1850000023841858,30.489999771118164
2022-01-28,0.17299999296665192,27.65999984741211
2022-01-31,0.17299999296665192,24.829999923706055
2022-02-01,0.2029999941587448,21.959999084472656
2022-02-02,0.1850000023841858,22.09000015258789
2022-02-03,0.19300000369548798,24.350000381469727
2022-02-04,0.22300000488758087,23.219999313354492
2022-02-07,0.2029999941587448,22.860000610351562
2022-02-08,0.2750000059604645,21.440000534057617
2022-02-09,0.27000001072883606,19.959999084472656
2022-02-10,0.3700000047683716,23.90999984741211
2022-02-11,0.33799999952316284,27.360000610351562
2022-02-14,0.36000001430511475,28.329999923706055
2022-02-15,0.4000000059604645,25.700000762939453
2022-02-16,0.37299999594688416,24.290000915527344
2022-02-17,0.3449999988079071,28.110000610351562
2022-02-18,0.3179999887943268,27.75
2022-02-22,0.33000001311302185,28.809999465942383
2022-02-23,0.3400000035762787,31.020000457763672
2022-02-24,0.28299999237060547,30.31999969482422
2022-02-25,0.2980000078678131,27.59000015258789
2022-02-28,0.2879999876022339,30.149999618530273
2022-03-01,0.31299999356269836,33.31999969482422
2022-03-02,0.32499998807907104,30.739999771118164
2022-03-03,0.33500000834465027,30.479999542236328
2022-03-04,0.3050000071525574,31.979999542236328
2022-03-07,0.3050000071525574,36.45000076293945
2022-03-08,0.36000001430511475,35.130001068115234
2022-03-09,0.3700000047683716,32.45000076293945
2022-03-10,0.36000001430511475,30.229999542236328
2022-03-11,0.36500000953674316,30.75
2022-03-14,0.3779999911785126,31.770000457763672
2022-03-15,0.4480000138282776,29.829999923706055
2022-03-16,0.43299999833106995,26.670000076293945
2022-03-17,0.36000001430511475,25.670000076293945
2022-03-18,0.382999986410141,23.8700008392334
2022-03-21,0.45500001311302185,23.530000686645508
2022-03-22,0.5199999809265137,22.940000534057617
2022-03-23,0.47999998927116394,23.56999969482422
2022-03-24,0.4830000102519989,21.670000076293945
2022-03-25,0.5199999809265137,20.809999465942383
2022-03-28,0.5080000162124634,19.6299991607666
2022-03-29,0.5550000071525574,18.899999618530273
2022-03-30,0.5249999761581421,19.329999923706055
2022-03-31,0.49300000071525574,20.559999465942383
2022-04-01,0.5,19.6299991607666
2022-04-04,0.5379999876022339,18.56999969482422
2022-04-05,0.6679999828338623,21.030000686645508
2022-04-06,0.6629999876022339,22.100000381469727
2022-04-07,0.6600000262260437,21.549999237060547
2022-04-08,0.6679999828338623,21.15999984741211
2022-04-11,0.6800000071525574,24.3700008392334
2022-04-12,0.7379999756813049,24.260000228881836
2022-04-13,0.7400000095367432,21.81999969482422
2022-04-14,0.7480000257492065,22.700000762939453
2022-04-18,0.7549999952316284,22.170000076293945
2022-04-19,0.8330000042915344,21.3700008392334
2022-04-20,0.7950000166893005,20.31999969482422
2022-04-21,0.800000011920929,22.68000030517578
2022-04-22,0.7799999713897705,28.209999084472656
2022-04-25,0.7979999780654907,27.020000457763672
2022-04-26,0.8330000042915344,33.52000045776367
2022-04-27,0.8080000281333923,31.600000381469727
2022-04-28,0.7850000262260437,29.989999771118164
2022-04-29,0.8080000281333923,33.400001525878906
2022-05-02,0.7649999856948853,32.34000015258789
2022-05-03,0.8949999809265137,29.25
2022-05-04,0.8330000042915344,25.420000076293945
2022-05-05,0.8029999732971191,31.200000762939453
2022-05-06,0.8149999976158142,30.190000534057617
2022-05-09,0.800000011920929,34.75
2022-05-10,0.878000020980835,32.9900016784668
2022-05-11,0.8830000162124634,32.560001373291016
2022-05-12,0.9049999713897705,31.770000457763672
2022-05-13,0.9430000185966492,28.8700008392334
2022-05-16,0.9800000190734863,27.469999313354492
2022-05-17,1.0379999876022339,26.100000381469727
2022-05-18,1.003000020980835,30.959999084472656
2022-05-19,1.0,29.350000381469727
2022-05-20,0.9779999852180481,29.43000030517578
2022-05-23,0.9929999709129333,28.479999542236328
2022-05-24,1.0429999828338623,29.450000762939453
2022-05-25,1.0449999570846558,28.3700008392334
2022-05-26,1.027999997138977,27.5
2022-05-27,1.024999976158142,25.719999313354492
2022-05-31,1.0299999713897705,26.190000534057617
2022-06-01,1.1030000448226929,25.690000534057617
2022-06-02,1.1130000352859497,24.719999313354492
2022-06-03,1.1349999904632568,24.790000915527344
2022-06-06,1.159999966621399,25.06999969482422
2022-06-07,1.225000023841858,24.020000457763672
2022-06-08,1.2330000400543213,23.959999084472656
2022-06-09,1.2380000352859497,26.09000015258789
2022-06-10,1.2879999876022339,27.75
2022-06-13,1.4980000257492065,34.02000045776367
2022-06-14,1.7430000305175781,32.689998626708984
2022-06-15,1.6950000524520874,29.6200008392334
2022-06-16,1.4830000400543213,32.95000076293945
2022-06-17,1.5099999904632568,31.1299991607666
2022-06-21,1.4880000352859497,30.190000534057617
2022-06-22,1.5449999570846558,28.950000762939453
2022-06-23,1.559999942779541,29.049999237060547
2022-06-24,1.5980000495910645,27.229999542236328
2022-06-27,1.6330000162124634,26.950000762939453
2022-06-28,1.7380000352859497,28.360000610351562
2022-06-29,1.7050000429153442,28.15999984741211
2022-06-30,1.600000023841858,28.709999084472656
2022-07-01,1.6030000448226929,26.700000762939453
2022-07-05,1.6299999952316284,27.540000915527344
2022-07-06,1.840000033378601,26.729999542236328
2022-07-07,1.8530000448226929,26.079999923706055
2022-07-08,1.843000054359436,24.639999389648438
2022-07-11,1.9529999494552612,26.170000076293945
2022-07-12,2.11299991607666,27.290000915527344
2022-07-13,2.322999954223633,26.81999969482422
2022-07-14,2.2730000019073486,26.399999618530273
2022-07-15,2.240000009536743,24.229999542236328
2022-07-18,2.259999990463257,25.299999237060547
2022-07-19,2.450000047683716,24.5
2022-07-20,2.378000020980835,23.8799991607666
2022-07-21,2.359999895095825,23.110000610351562
2022-07-22,2.3550000190734863,23.030000686645508
2022-07-25,2.3929998874664307,23.360000610351562
2022-07-26,2.4749999046325684,24.690000534057617
2022-07-27,2.382999897003174,23.239999771118164
2022-07-28,2.308000087738037,22.329999923706055
2022-07-29,2.2980000972747803,21.329999923706055
2022-08-01,2.265000104904175,22.84000015258789
2022-08-02,2.4630000591278076,23.93000030517578
2022-08-03,2.427999973297119,21.950000762939453
2022-08-04,2.378000020980835,21.440000534057617
2022-08-05,2.4100000858306885,21.149999618530273
2022-08-08,2.4600000381469727,21.290000915527344
2022-08-09,2.569999933242798,21.770000457763672
2022-08-10,2.5350000858306885,19.739999771118164
2022-08-11,2.490000009536743,20.200000762939453
2022-08-12,2.5,19.530000686645508
2022-08-15,2.513000011444092,19.950000762939453
2022-08-16,2.5980000495910645,19.690000534057617
2022-08-17,2.568000078201294,19.899999618530273
2022-08-18,2.565000057220459,19.559999465942383
2022-08-19,2.5799999237060547,20.600000381469727
2022-08-22,2.6480000019073486,23.799999237060547
2022-08-23,2.703000068664551,24.110000610351562
2022-08-24,2.7130000591278076,22.81999969482422
2022-08-25,2.7300000190734863,21.780000686645508
2022-08-26,2.755000114440918,25.559999465942383
2022-08-29,2.7980000972747803,26.209999084472656
2022-08-30,2.872999906539917,26.209999084472656
2022-08-31,2.859999895095825,25.8700008392334
2022-09-01,2.86299991607666,25.559999465942383
2022-09-02,2.819999933242798,25.469999313354492
2022-09-06,2.8450000286102295,26.90999984741211
2022-09-07,2.933000087738037,24.639999389648438
2022-09-08,2.950000047683716,23.610000610351562
2022-09-09,2.9679999351501465,22.790000915527344
2022-09-12,2.994999885559082,23.8700008392334
2022-09-13,3.1530001163482666,27.270000457763672
2022-09-14,3.128000020980835,26.15999984741211
2022-09-15,3.0950000286102295,26.270000457763672
2022-09-16,3.069999933242798,26.299999237060547
2022-09-19,3.0350000858306885,25.760000228881836
2022-09-20,3.243000030517578,27.15999984741211
2022-09-21,3.190000057220459,27.989999771118164
2022-09-22,3.130000114440918,27.350000381469727
2022-09-23,3.1080000400543213,29.920000076293945
2022-09-26,3.1649999618530273,32.2599983215332
2022-09-27,3.25,32.599998474121094
2022-09-28,3.2300000190734863,30.18000030517578
2022-09-29,3.2179999351501465,31.84000015258789
2022-09-30,3.180000066757202,31.6200008392334
2022-10-03,3.1500000953674316,30.100000381469727
2022-10-04,3.315000057220459,29.06999969482422
2022-10-05,3.2929999828338623,28.549999237060547
2022-10-06,3.2880001068115234,30.520000457763672
2022-10-07,3.2929999828338623,31.360000610351562
2022-10-10,3.2850000858306885,32.45000076293945
2022-10-11,3.3399999141693115,33.630001068115234
2022-10-12,3.5329999923706055,33.56999969482422
2022-10-13,3.5829999446868896,31.940000534057617
2022-10-14,3.628000020980835,32.02000045776367
2022-10-17,3.687999963760376,31.3700008392334
2022-10-18,3.8329999446868896,30.5
2022-10-19,3.8929998874664307,30.760000228881836
2022-10-20,3.890000104904175,29.979999542236328
2022-10-21,3.884999990463257,29.690000534057617
2022-10-24,3.9130001068115234,29.850000381469727
2022-10-25,3.9649999141693115,28.459999084472656
2022-10-26,3.930000066757202,27.280000686645508
2022-10-27,3.930000066757202,27.389999389648438
2022-10-28,3.9700000286102295,25.75
2022-10-31,3.9749999046325684,25.8799991607666
2022-11-01,4.050000190734863,25.809999465942383
2022-11-02,4.025000095367432,25.860000610351562
2022-11-03,4.025000095367432,25.299999237060547
2022-11-04,4.013000011444092,24.549999237060547
2022-11-07,3.9830000400543213,24.350000381469727
2022-11-08,4.090000152587891,25.540000915527344
2022-11-09,4.0929999351501465,26.09000015258789
2022-11-10,4.054999828338623,23.530000686645508
2022-11-11,4.063000202178955,22.520000457763672
2022-11-14,4.067999839782715,23.729999542236328
2022-11-15,4.130000114440918,24.540000915527344
2022-11-16,4.125,24.110000610351562
2022-11-17,4.11299991607666,23.93000030517578
2022-11-18,4.135000228881836,23.1200008392334
2022-11-21,4.0980000495910645,22.360000610351562
2022-11-22,4.197999954223633,21.290000915527344
2022-11-23,4.199999809265137,20.350000381469727
2022-11-25,4.175000190734863,20.5
2022-11-28,4.183000087738037,22.209999084472656
2022-11-29,4.252999782562256,21.889999389648438
2022-11-30,4.252999782562256,20.579999923706055
2022-12-01,4.192999839782715,19.84000015258789
2022-12-02,4.208000183105469,19.059999465942383
2022-12-05,4.1579999923706055,20.75
2022-12-06,4.21999979019165,22.170000076293945
2022-12-07,4.183000087738037,22.68000030517578
2022-12-08,4.150000095367432,22.290000915527344
2022-12-09,4.172999858856201,22.829999923706055
2022-12-12,4.168000221252441,25.0
2022-12-13,4.248000144958496,22.549999237060547
2022-12-14,4.21999979019165,21.139999389648438
2022-12-15,4.2129998207092285,22.829999923706055
2022-12-16,4.163000106811523,22.6200008392334
2022-12-19,4.163000106811523,22.420000076293945
2022-12-20,4.230000019073486,21.479999542236328
2022-12-21,4.204999923706055,20.06999969482422
2022-12-22,4.208000183105469,21.969999313354492
2022-12-23,4.192999839782715,20.8700008392334
2022-12-27,4.195000171661377,21.649999618530273
2022-12-28,4.3379998207092285,22.139999389648438
2022-12-29,4.295000076293945,21.440000534057617
2022-12-30,4.260000228881836,21.670000076293945
2023-01-03,4.255000114440918,22.899999618530273
2023-01-04,4.400000095367432,22.010000228881836
2023-01-05,4.498000144958496,22.459999084472656
2023-01-06,4.493000030517578,21.1299991607666
2023-01-09,4.482999801635742,21.969999313354492
2023-01-10,4.565000057220459,20.579999923706055
2023-01-11,4.554999828338623,21.09000015258789
2023-01-12,4.474999904632568,18.829999923706055
2023-01-13,4.48799991607666,18.350000381469727
2023-01-17,4.493000030517578,19.360000610351562
2023-01-18,4.53000020980835,20.34000015258789
2023-01-19,4.525000095367432,20.520000457763672
2023-01-20,4.538000106811523,19.850000381469727
2023-01-23,4.534999847412109,19.809999465942383
2023-01-24,4.572999954223633,19.200000762939453
2023-01-25,4.545000076293945,19.079999923706055
2023-01-26,4.543000221252441,18.729999542236328
2023-01-27,4.547999858856201,18.510000228881836
2023-01-30,4.534999847412109,19.940000534057617
2023-01-31,4.570000171661377,19.399999618530273
2023-02-01,4.519999980926514,17.8700008392334
2023-02-02,4.510000228881836,18.729999542236328
2023-02-03,4.5229997634887695,18.329999923706055
2023-02-06,4.5329999923706055,19.43000030517578
2023-02-07,4.570000171661377,18.65999984741211
2023-02-08,4.585000038146973,19.6299991607666
2023-02-09,4.61299991607666,20.709999084472656
2023-02-10,4.635000228881836,20.530000686645508
2023-02-13,4.644999980926514,20.34000015258789
2023-02-14,4.659999847412109,18.90999984741211
2023-02-15,4.64300012588501,18.229999542236328
2023-02-16,4.664999961853027,20.170000076293945
2023-02-17,4.679999828338623,20.020000457763672
2023-02-21,4.688000202178955,22.8700008392334
2023-02-22,4.695000171661377,22.290000915527344
2023-02-23,4.690000057220459,21.139999389648438
2023-02-24,4.703000068664551,21.670000076293945
2023-02-27,4.664999961853027,20.950000762939453
2023-02-28,4.710000038146973,20.700000762939453
2023-03-01,4.724999904632568,20.579999923706055
2023-03-02,4.7230000495910645,19.59000015258789
2023-03-03,4.7179999351501465,18.489999771118164
2023-03-06,4.728000164031982,18.610000610351562
2023-03-07,4.84499979019165,19.59000015258789
2023-03-08,4.882999897003174,19.110000610351562
2023-03-09,4.8480000495910645,22.610000610351562
2023-03-10,4.802999973297119,24.799999237060547
2023-03-13,4.6579999923706055,26.520000457763672
2023-03-14,4.679999828338623,23.729999542236328
2023-03-15,4.558000087738037,26.139999389648438
2023-03-16,4.53000020980835,22.989999771118164
2023-03-17,4.293000221252441,25.510000228881836
2023-03-20,4.465000152587891,24.149999618530273
2023-03-21,4.605000019073486,21.3799991607666
2023-03-22,4.563000202178955,22.260000228881836
2023-03-23,4.502999782562256,22.610000610351562
2023-03-24,4.502999782562256,21.739999771118164
2023-03-27,4.583000183105469,20.600000381469727
2023-03-28,4.627999782562256,19.969999313354492
2023-03-29,4.630000114440918,19.1200008392334
2023-03-30,4.664999961853027,19.020000457763672
2023-03-31,4.585000038146973,18.700000762939453
2023-04-03,4.570000171661377,18.549999237060547
2023-04-04,4.728000164031982,19.0
2023-04-05,4.704999923706055,19.079999923706055
2023-04-06,4.710000038146973,18.399999618530273
2023-04-10,4.8379998207092285,18.969999313354492
2023-04-11,4.880000114440918,19.100000381469727
2023-04-12,4.860000133514404,19.09000015258789
2023-04-13,4.855000019073486,17.799999237060547
2023-04-14,4.9029998779296875,17.06999969482422
2023-04-17,4.922999858856201,16.950000762939453
2023-04-18,5.03000020980835,16.829999923706055
2023-04-19,4.994999885559082,16.459999084472656
2023-04-20,4.945000171661377,17.170000076293945
2023-04-21,4.949999809265137,16.770000457763672
2023-04-24,4.873000144958496,16.889999389648438
2023-04-25,4.953000068664551,18.760000228881836
2023-04-26,4.985000133514404,18.84000015258789
2023-04-27,5.0,17.030000686645508
2023-04-28,4.922999858856201,15.779999732971191
2023-05-01,4.864999771118164,16.079999923706055
2023-05-02,5.039999961853027,17.780000686645508
2023-05-03,5.09499979019165,18.34000015258789
2023-05-04,5.054999828338623,20.09000015258789
2023-05-05,5.079999923706055,17.190000534057617
2023-05-08,5.083000183105469,16.979999542236328
2023-05-09,5.123000144958496,17.709999084472656
2023-05-10,5.065000057220459,16.940000534057617
2023-05-11,5.014999866485596,16.93000030517578
2023-05-12,5.0279998779296875,17.030000686645508
2023-05-15,5.0,17.1200008392334
2023-05-16,5.058000087738037,17.989999771118164
2023-05-17,5.0879998207092285,16.8700008392334
2023-05-18,5.125,16.049999237060547
2023-05-19,5.085000038146973,16.809999465942383
2023-05-22,5.09499979019165,17.209999084472656
2023-05-23,5.1529998779296875,18.530000686645508
2023-05-24,5.184999942779541,20.030000686645508
2023-05-25,5.163000106811523,19.139999389648438
2023-05-26,5.114999771118164,17.950000762939453
2023-05-30,5.14300012588501,17.459999084472656
2023-05-31,5.248000144958496,17.940000534057617
2023-06-01,5.203000068664551,15.649999618530273
2023-06-02,5.215000152587891,14.600000381469727
2023-06-05,5.14300012588501,14.729999542236328
2023-06-06,5.1579999923706055,13.960000038146973
2023-06-07,5.1529998779296875,13.9399995803833
2023-06-08,5.099999904632568,13.649999618530273
2023-06-09,5.09499979019165,13.829999923706055
2023-06-12,5.09499979019165,15.010000228881836
2023-06-13,5.099999904632568,14.609999656677246
2023-06-14,5.079999923706055,13.880000114440918
2023-06-15,5.054999828338623,14.5
2023-06-16,5.065000057220459,13.539999961853027
2023-06-20,5.074999809265137,13.880000114440918
2023-06-21,5.135000228881836,13.199999809265137
2023-06-22,5.135000228881836,12.90999984741211
2023-06-23,5.138000011444092,13.4399995803833
2023-06-26,5.15500020980835,14.25
2023-06-27,5.179999828338623,13.739999771118164
2023-06-28,5.170000076293945,13.430000305175781
2023-06-29,5.175000190734863,13.539999961853027
2023-06-30,5.1529998779296875,13.59000015258789
2023-07-03,5.144999980926514,13.569999694824219
2023-07-05,5.192999839782715,14.180000305175781
2023-07-06,5.2129998207092285,15.4399995803833
2023-07-07,5.2129998207092285,14.829999923706055
2023-07-10,5.224999904632568,15.069999694824219
2023-07-11,5.243000030517578,14.84000015258789
2023-07-12,5.230000019073486,13.539999961853027
2023-07-13,5.2230000495910645,13.609999656677246
2023-07-14,5.215000152587891,13.34000015258789
2023-07-17,5.232999801635742,13.479999542236328
2023-07-18,5.248000144958496,13.300000190734863
2023-07-19,5.244999885559082,13.760000228881836
2023-07-20,5.243000030517578,13.989999771118164
2023-07-21,5.248000144958496,13.600000381469727
2023-07-24,5.25,13.90999984741211
2023-07-25,5.264999866485596,13.859999656677246
2023-07-26,5.26800012588501,13.1899995803833
2023-07-27,5.26800012588501,14.40999984741211
2023-07-28,5.255000114440918,13.329999923706055
2023-07-31,5.248000144958496,13.630000114440918
2023-08-01,5.260000228881836,13.930000305175781
2023-08-02,5.260000228881836,16.09000015258789
2023-08-03,5.257999897003174,15.920000076293945
2023-08-04,5.252999782562256,17.100000381469727
2023-08-07,5.260000228881836,15.770000457763672
2023-08-08,5.275000095367432,15.989999771118164
2023-08-09,5.28000020980835,15.960000038146973
2023-08-10,5.26800012588501,15.850000381469727
2023-08-11,5.264999866485596,14.84000015258789
2023-08-14,5.269999980926514,14.819999694824219
2023-08-15,5.28000020980835,16.459999084472656
2023-08-16,5.284999847412109,16.780000686645508
2023-08-17,5.2779998779296875,17.889999389648438
2023-08-18,5.2779998779296875,17.299999237060547
2023-08-21,5.28000020980835,17.1299991607666
2023-08-22,5.295000076293945,16.969999313354492
2023-08-23,5.295000076293945,15.979999542236328
2023-08-24,5.302999973297119,17.200000762939453
2023-08-25,5.315000057220459,15.680000305175781
2023-08-28,5.322999954223633,15.079999923706055
2023-08-29,5.320000171661377,14.449999809265137
2023-08-30,5.315000057220459,13.880000114440918
2023-08-31,5.297999858856201,13.569999694824219
2023-09-01,5.26800012588501,13.09000015258789
2023-09-05,5.2779998779296875,14.010000228881836
2023-09-06,5.300000190734863,14.449999809265137
2023-09-07,5.2829999923706055,14.399999618530273
2023-09-08,5.293000221252441,13.84000015258789
2023-09-11,5.293000221252441,13.800000190734863
2023-09-12,5.304999828338623,14.229999542236328
2023-09-13,5.304999828338623,13.479999542236328
2023-09-14,5.295000076293945,12.819999694824219
2023-09-15,5.297999858856201,13.789999961853027
2023-09-18,5.300000190734863,14.0
2023-09-19,5.309999942779541,14.109999656677246
2023-09-20,5.315000057220459,15.140000343322754
2023-09-21,5.304999828338623,17.540000915527344
2023-09-22,5.304999828338623,17.200000762939453
2023-09-25,5.313000202178955,16.899999618530273
2023-09-26,5.324999809265137,18.940000534057617
2023-09-27,5.329999923706055,18.219999313354492
2023-09-28,5.308000087738037,17.34000015258789
2023-09-29,5.300000190734863,17.520000457763672
2023-10-02,5.315000057220459,17.610000610351562
2023-10-03,5.340000152587891,19.780000686645508
2023-10-04,5.335000038146973,18.579999923706055
2023-10-05,5.324999809265137,18.489999771118164
2023-10-06,5.3480000495910645,17.450000762939453
2023-10-09,5.3480000495910645,17.700000762939453
2023-10-10,5.322999954223633,17.030000686645508
2023-10-11,5.335000038146973,16.09000015258789
2023-10-12,5.335000038146973,16.690000534057617
2023-10-13,5.328000068664551,19.31999969482422
2023-10-16,5.328000068664551,17.209999084472656
2023-10-17,5.340000152587891,17.8799991607666
2023-10-18,5.329999923706055,19.219999313354492
2023-10-19,5.309999942779541,21.399999618530273
2023-10-20,5.300000190734863,21.709999084472656
2023-10-23,5.293000221252441,20.3700008392334
2023-10-24,5.308000087738037,18.969999313354492
2023-10-25,5.315000057220459,20.190000534057617
2023-10-26,5.300000190734863,20.68000030517578
2023-10-27,5.304999828338623,21.270000457763672
2023-10-30,5.313000202178955,19.75
2023-10-31,5.320000171661377,18.139999389648438
2023-11-01,5.300000190734863,16.8700008392334
2023-11-02,5.269999980926514,15.65999984741211
2023-11-03,5.252999782562256,14.90999984741211
2023-11-06,5.260000228881836,14.890000343322754
2023-11-07,5.2729997634887695,14.8100004196167
2023-11-08,5.26800012588501,14.449999809265137
2023-11-09,5.263000011444092,15.289999961853027
2023-11-10,5.25,14.170000076293945
2023-11-13,5.260000228881836,14.760000228881836
2023-11-14,5.252999782562256,14.15999984741211
2023-11-15,5.255000114440918,14.180000305175781
2023-11-16,5.243000030517578,14.319999694824219
2023-11-17,5.232999801635742,13.800000190734863
2023-11-20,5.23799991607666,13.40999984741211
2023-11-21,5.255000114440918,13.350000381469727
2023-11-22,5.264999866485596,12.850000381469727
2023-11-24,5.252999782562256,12.460000038146973
2023-11-27,5.257999897003174,12.6899995803833
2023-11-28,5.260000228881836,12.6899995803833
2023-11-29,5.239999771118164,12.979999542236328
2023-11-30,5.23799991607666,12.920000076293945
2023-12-01,5.215000152587891,12.630000114440918
2023-12-04,5.2230000495910645,13.079999923706055
2023-12-05,5.243000030517578,12.850000381469727
2023-12-06,5.243000030517578,12.970000267028809
2023-12-07,5.232999801635742,13.0600004196167
2023-12-08,5.232999801635742,12.350000381469727
2023-12-11,5.232999801635742,12.630000114440918
2023-12-12,5.248000144958496,12.069999694824219
2023-12-13,5.2230000495910645,12.1899995803833
2023-12-14,5.215000152587891,12.479999542236328
2023-12-15,5.224999904632568,12.279999732971191
2023-12-18,5.224999904632568,12.5600004196167
2023-12-19,5.23799991607666,12.529999732971191
2023-12-20,5.230000019073486,13.670000076293945
2023-12-21,5.210000038146973,13.649999618530273
2023-12-22,5.208000183105469,13.029999732971191
2023-12-26,5.203000068664551,12.989999771118164
2023-12-27,5.235000133514404,12.430000305175781
2023-12-28,5.2179999351501465,12.470000267028809
2023-12-29,5.179999828338623,12.449999809265137
